mode,requests,concurrency,total_time_ms,avg_latency_ms,p50_ms,p95_ms,throughput_tps,successful,failed
sequential,10,1,124.26,11.90,9.00,64.00,80.47,10,0
sequential,50,1,226.70,4.02,2.00,9.00,220.56,50,0
sequential,100,1,390.97,3.37,2.00,7.00,255.78,100,0
sequential,500,1,1659.97,2.83,1.00,7.00,301.21,500,0
sequential,1000,1,3025.52,2.53,1.00,7.00,330.52,1000,0
concurrent,10,2,23.20,3.40,2.00,6.00,431.01,10,0
concurrent,50,10,38.42,6.26,4.00,13.00,1301.25,50,0
concurrent,100,20,88.50,13.69,10.00,25.00,1129.96,100,0
concurrent,500,20,464.92,16.82,12.00,34.00,1075.45,500,0
concurrent,1000,20,854.88,16.49,14.00,36.00,1169.75,1000,0
